gameweek,kickoff_time,home_team,home_team_elo,home_score,away_score,away_team,away_team_elo,finished,match_id,match_url,home_possession,away_possession,home_expected_goals_xg,away_expected_goals_xg,home_total_shots,away_total_shots,home_shots_on_target,away_shots_on_target,home_big_chances,away_big_chances,home_big_chances_missed,away_big_chances_missed,home_accurate_passes,away_accurate_passes,home_accurate_passes_pct,away_accurate_passes_pct,home_fouls_committed,away_fouls_committed,home_corners,away_corners,home_xg_open_play,away_xg_open_play,home_xg_set_play,away_xg_set_play,home_non_penalty_xg,away_non_penalty_xg,home_xg_on_target_xgot,away_xg_on_target_xgot,home_shots_off_target,away_shots_off_target,home_blocked_shots,away_blocked_shots,home_hit_woodwork,away_hit_woodwork,home_shots_inside_box,away_shots_inside_box,home_shots_outside_box,away_shots_outside_box,home_passes,away_passes,home_own_half,away_own_half,home_opposition_half,away_opposition_half,home_accurate_long_balls,away_accurate_long_balls,home_accurate_long_balls_pct,away_accurate_long_balls_pct,home_accurate_crosses,away_accurate_crosses,home_accurate_crosses_pct,away_accurate_crosses_pct,home_throws,away_throws,home_touches_in_opposition_box,away_touches_in_opposition_box,home_offsides,away_offsides,home_yellow_cards,away_yellow_cards,home_red_cards,away_red_cards,home_tackles_won,away_tackles_won,home_tackles_won_pct,away_tackles_won_pct,home_interceptions,away_interceptions,home_blocks,away_blocks,home_clearances,away_clearances,home_keeper_saves,away_keeper_saves,home_duels_won,away_duels_won,home_ground_duels_won,away_ground_duels_won,home_ground_duels_won_pct,away_ground_duels_won_pct,home_aerial_duels_won,away_aerial_duels_won,home_aerial_duels_won_pct,away_aerial_duels_won_pct,home_successful_dribbles,away_successful_dribbles,home_successful_dribbles_pct,away_successful_dribbles_pct,fotmob_id,stats_processed,player_stats_processed,home_distance_covered,away_distance_covered,home_walking_distance,away_walking_distance,home_running_distance,away_running_distance,home_sprinting_distance,away_sprinting_distance,home_number_of_sprints,away_number_of_sprints,home_top_speed,away_top_speed,tournament
25.0,,54.0,1784.56,,,11.0,1810.32,False,25-26-prem-fulham-vs-everton,/matches/everton-vs-fulham/2uevfp#4813619,,,,,,,,,,,,,,,,,,,,,,,,,,,,,,,,,,,,,,,,,,,,,,,,,,,,,,,,,,,,,,,,,,,,,,,,,,,,,,,,,,,,,,,,,4813619.0,False,False,,,,,,,,,,,,,prem
25.0,,91.0,1809.34,,,7.0,1917.28,False,25-26-prem-afc-bournemouth-vs-aston-villa,/matches/afc-bournemouth-vs-aston-villa/2yooch#4813615,,,,,,,,,,,,,,,,,,,,,,,,,,,,,,,,,,,,,,,,,,,,,,,,,,,,,,,,,,,,,,,,,,,,,,,,,,,,,,,,,,,,,,,,,4813615.0,False,False,,,,,,,,,,,,,prem
25.0,,2.0,1735.59,,,17.0,1789.85,False,25-26-prem-leeds-united-vs-nottingham-forest,/matches/leeds-united-vs-nottingham-forest/2vqauu#4813620,,,,,,,,,,,,,,,,,,,,,,,,,,,,,,,,,,,,,,,,,,,,,,,,,,,,,,,,,,,,,,,,,,,,,,,,,,,,,,,,,,,,,,,,,4813620.0,False,False,,,,,,,,,,,,,prem
25.0,,1.0,1833.14,,,6.0,1813.06,False,25-26-prem-manchester-united-vs-tottenham-hotspur,/matches/tottenham-hotspur-vs-manchester-united/2xqo0r#4813622,,,,,,,,,,,,,,,,,,,,,,,,,,,,,,,,,,,,,,,,,,,,,,,,,,,,,,,,,,,,,,,,,,,,,,,,,,,,,,,,,,,,,,,,,4813622.0,False,False,,,,,,,,,,,,,prem
25.0,,14.0,1939.62,,,43.0,1994.5,False,25-26-prem-liverpool-vs-manchester-city,/matches/manchester-city-vs-liverpool/2f48yd#4813621,,,,,,,,,,,,,,,,,,,,,,,,,,,,,,,,,,,,,,,,,,,,,,,,,,,,,,,,,,,,,,,,,,,,,,,,,,,,,,,,,,,,,,,,,4813621.0,False,False,,,,,,,,,,,,,prem
25.0,,90.0,1695.19,,,21.0,1735.41,False,25-26-prem-burnley-vs-west-ham-united,/matches/burnley-vs-west-ham-united/2cha6h#4813618,,,,,,,,,,,,,,,,,,,,,,,,,,,,,,,,,,,,,,,,,,,,,,,,,,,,,,,,,,,,,,,,,,,,,,,,,,,,,,,,,,,,,,,,,4813618.0,False,False,,,,,,,,,,,,,prem
25.0,,36.0,1840.67,,,31.0,1844.89,False,25-26-prem-brighton-hove-albion-vs-crystal-palace,/matches/crystal-palace-vs-brighton-hove-albion/3bfzlv#4813617,,,,,,,,,,,,,,,,,,,,,,,,,,,,,,,,,,,,,,,,,,,,,,,,,,,,,,,,,,,,,,,,,,,,,,,,,,,,,,,,,,,,,,,,,4813617.0,False,False,,,,,,,,,,,,,prem
25.0,,3.0,2043.19,,,56.0,1671.25,False,25-26-prem-arsenal-vs-sunderland,/matches/sunderland-vs-arsenal/2ro5o6#4813616,,,,,,,,,,,,,,,,,,,,,,,,,,,,,,,,,,,,,,,,,,,,,,,,,,,,,,,,,,,,,,,,,,,,,,,,,,,,,,,,,,,,,,,,,4813616.0,False,False,,,,,,,,,,,,,prem
25.0,,39.0,1652.87,,,8.0,1902.66,False,25-26-prem-wolverhampton-wanderers-vs-chelsea,/matches/chelsea-vs-wolverhampton-wanderers/2emb2j#4813624,,,,,,,,,,,,,,,,,,,,,,,,,,,,,,,,,,,,,,,,,,,,,,,,,,,,,,,,,,,,,,,,,,,,,,,,,,,,,,,,,,,,,,,,,4813624.0,False,False,,,,,,,,,,,,,prem
25.0,,4.0,1868.0,,,94.0,1808.6,False,25-26-prem-newcastle-united-vs-brentford,/matches/brentford-vs-newcastle-united/3dgf4m#4813623,,,,,,,,,,,,,,,,,,,,,,,,,,,,,,,,,,,,,,,,,,,,,,,,,,,,,,,,,,,,,,,,,,,,,,,,,,,,,,,,,,,,,,,,,4813623.0,False,False,,,,,,,,,,,,,prem
